1,Ana,Montes,fakeanna@fakemail.com,1qazxsw2,,
1,Blanca,Ramirez,fakeblanca@notreal.net,2wsxzaq1,,
1,Cristina,Rodrigues,fakecristina@blahblah.org,123456,,
1,Dolores,Vega,fakedolores@fake.mx,",lp-0okm",,
1,Elora,Lopez,fake.elora@nomail.co.uk,bgt56yhn,,
1,Felisa,Cruz,fake_felisa@fakeschool.edu,cde34rfv,,
1,Gabriela,Martinez,fakegabi@yadayada.io,cbhu89ijn,,
2,Hermosa,Sanchez,hermosa@clfvolunteer.org,ppppppp,"SVP, Sales",Google
2,Isabel,Loya,isabel@clfvolunteer.org,s48sba82,District Atty,City of Oakland
2,Jovita,Saunders,jovita@clfvolunteer.org,7777777,Teacher,St. Marks
2,Karla,Reyes,karla@clfvolunteer.org,92ns62j,Student,UCB
2,Lupe,Gonzales,lupe@clfvolunteer.org,0nsy71d,Student,City College
2,Michael,Neutron,michael@clfvolunteer.org,82gv27wb,volunteer,CLF
2,Nereida,Peacock,nereida@clfvolunteer.org,2734bf0,Accountant,PWC
3,Olivia,Martinez,olivia@sakjdfs.com,sdjhao3,Professor,CSUSF
3,Paola,Santos,Paola@sdayfs.com,28347fa,Professor,CSUEB
3,Querida,Ribiero,Querida@idufhsad.net,239847bsdl,Teacher,SF Unified
3,Renata,Costa,Renata@diafhu8w.com,njji93ec,Program Director,Youth for Change
3,Simone,Jatoba,Simone@fakefake.org,cde34rfv,Counselor,St.Ritas
3,Tania,Pereira,Tania@yetanotherfake.com,xsdcwe3w,Teacher,Oakland Unified
3,Ula,Leyva,Ula@stillmorefake.com,d8e3bsp,Professor,Mills
3,Vania,Martins,Vania@faaaaaake.com,sbs72osg,Advisor,Bay Area Teens
3,William,Esquivel,William@tokendude.com,ejr9fvhws,Teacher,Random School
3,Xareni,Soto,Xareni@almostdone.com,363vfon,Clerk,Latina Youth Dropin
3,Yolanda,Castillo,Yolanda@almostnotquite.com,gha72bg0,Career Counselor,CLF
3,Zandra,Huerta,Zandra@finally.com,73w7fng0,Homemaker,none
4,Olga,Talamante,olga@chicanalatina.org,abc123,Exec Director,CLF
